idpessoa,cidade,uf,risk_score,confidence,abc,recommended_product,pitch
010001R22A,"Votorantim",SP,100.00,90.00,A,01000K7E42,"Temos uma oferta especial para você repor seu produto favorito!"
01003HF739,"Votorantim",SP,100.00,90.00,A,01000F9OG4,"Temos uma oferta especial para você repor seu produto favorito!"
01003FE537,"Votorantim",SP,100.00,90.00,C,01000BU44B,"Temos uma oferta especial para você repor seu produto favorito!"
010000WE02,"Votorantim",SP,100.00,90.00,,,""
010000XU3Y,"Votorantim",SP,100.00,90.00,,,""
010000YX0V,"Votorantim",SP,100.00,90.00,,,""
0100012W4M,"Votorantim",SP,100.00,90.00,,,""
0100013Q7E,"Votorantim",SP,100.00,90.00,,,""
01000148AR,"Votorantim",SP,100.00,90.00,,,""
0100015245,"Votorantim",SP,100.00,90.00,,,""
0100015LI7,"Votorantim",SP,100.00,90.00,,,""
01000184AL,"Votorantim",SP,100.00,90.00,,,""
01000197AV,"Votorantim",SP,100.00,90.00,,,""
0100019B88,"Votorantim",SP,100.00,90.00,,,""
010001AJ3C,"Votorantim",SP,100.00,90.00,,,""
010001B5BN,"Votorantim",SP,100.00,90.00,,,""
010001BK2Z,"Votorantim",SP,100.00,90.00,,,""
010001BN21,"Votorantim",SP,100.00,90.00,,,""
010001C60M,"Votorantim",SP,100.00,90.00,,,""
010001CG23,"Votorantim",SP,100.00,90.00,,,""
010001CMCS,"Votorantim",SP,100.00,90.00,,,""
010001DK50,"Votorantim",SP,100.00,90.00,,,""
010001EALX,"Votorantim",SP,100.00,90.00,,,""
010001F42J,"Votorantim",SP,100.00,90.00,,,""
010001FD1N,"Votorantim",SP,100.00,90.00,,,""
010001FN1M,"Votorantim",SP,100.00,90.00,,,""
010001FU5H,"Votorantim",SP,100.00,90.00,,,""
010001FW98,"Votorantim",SP,100.00,90.00,,,""
010001G90E,"Votorantim",SP,100.00,90.00,,,""
010001GAI5,"Votorantim",SP,100.00,90.00,,,""
010001GN54,"Votorantim",SP,100.00,90.00,,,""
010001HX1H,"Votorantim",SP,100.00,90.00,,,""
010001J2EE,"Votorantim",SP,100.00,90.00,,,""
010001JD90,"Votorantim",SP,100.00,90.00,,,""
010001K76V,"Votorantim",SP,100.00,90.00,,,""
010001LE2F,"Votorantim",SP,100.00,90.00,,,""
010001LJ5E,"Votorantim",SP,100.00,90.00,,,""
010001NJ4B,"Votorantim",SP,100.00,90.00,,,""
010001NMA4,"Votorantim",SP,100.00,90.00,,,""
010001OOOZ,"Votorantim",SP,100.00,90.00,,,""
010001PMKG,"Votorantim",SP,100.00,90.00,,,""
010001PUC3,"Votorantim",SP,100.00,90.00,,,""
010001QA22,"Votorantim",SP,100.00,90.00,,,""
010004C80S,"Votorantim",SP,100.00,90.00,,,""
010000MZ9Q,"Votorantim",SP,100.00,90.00,,,""
010000QIPV,"Votorantim",SP,100.00,90.00,,,""
010006FK03,"Votorantim",SP,100.00,90.00,,,""
010006H2AR,"Votorantim",SP,100.00,90.00,,,""
010006IR2Q,"Votorantim",SP,100.00,90.00,,,""
010006IV50,"Votorantim",SP,100.00,90.00,,,""
010006IW5E,"Votorantim",SP,100.00,90.00,,,""
010006K07G,"Votorantim",SP,100.00,90.00,,,""
010006K56R,"Votorantim",SP,100.00,90.00,,,""
010006KB2B,"Votorantim",SP,100.00,90.00,,,""
010006KI51,"Votorantim",SP,100.00,90.00,,,""
010006KT4M,"Votorantim",SP,100.00,90.00,,,""
010006L207,"Votorantim",SP,100.00,90.00,,,""
010006L45E,"Votorantim",SP,100.00,90.00,,,""
010006LH26,"Votorantim",SP,100.00,90.00,,,""
010006MSPN,"Votorantim",SP,100.00,90.00,,,""
010006O788,"Votorantim",SP,100.00,90.00,,,""
010006OTM0,"Votorantim",SP,100.00,90.00,,,""
010006P00Q,"Votorantim",SP,100.00,90.00,,,""
010006R3H2,"Votorantim",SP,100.00,90.00,,,""
010006RI38,"Votorantim",SP,100.00,90.00,,,""
010006SDK6,"Votorantim",SP,100.00,90.00,,,""
010006SY1T,"Votorantim",SP,100.00,90.00,,,""
010006TM0N,"Votorantim",SP,100.00,90.00,,,""
010006TS30,"Votorantim",SP,100.00,90.00,,,""
010006TV1I,"Votorantim",SP,100.00,90.00,,,""
010006TWJO,"Votorantim",SP,100.00,90.00,,,""
010006TY31,"Votorantim",SP,100.00,90.00,,,""
010006U400,"Votorantim",SP,100.00,90.00,,,""
010006U5GM,"Votorantim",SP,100.00,90.00,,,""
010006UB1E,"Votorantim",SP,100.00,90.00,,,""
010006ULD3,"Votorantim",SP,100.00,90.00,,,""
010006US2Y,"Votorantim",SP,100.00,90.00,,,""
010006UT0Q,"Votorantim",SP,100.00,90.00,,,""
010006V76Z,"Votorantim",SP,100.00,90.00,,,""
010006VE5O,"Votorantim",SP,100.00,90.00,,,""
010006VGF2,"Votorantim",SP,100.00,90.00,,,""
010006VSFM,"Votorantim",SP,100.00,90.00,,,""
010006WA3N,"Votorantim",SP,100.00,90.00,,,""
010006WM05,"Votorantim",SP,100.00,90.00,,,""
010006XAJJ,"Votorantim",SP,100.00,90.00,,,""
010006XRJ7,"Votorantim",SP,100.00,90.00,,,""
010006XZ21,"Votorantim",SP,100.00,90.00,,,""
010006Y808,"Votorantim",SP,100.00,90.00,,,""
010006YG32,"Votorantim",SP,100.00,90.00,,,""
010006YY9W,"Votorantim",SP,100.00,90.00,,,""
010006Z026,"Votorantim",SP,100.00,90.00,,,""
010006ZXB3,"Votorantim",SP,100.00,90.00,,,""
010006ZY0O,"Votorantim",SP,100.00,90.00,,,""
010007027D,"Votorantim",SP,100.00,90.00,,,""
010007048C,"Votorantim",SP,100.00,90.00,,,""
0100070E9A,"Votorantim",SP,100.00,90.00,,,""
0100070T2Q,"Votorantim",SP,100.00,90.00,,,""
0100071562,"Votorantim",SP,100.00,90.00,,,""
0100071E1P,"Votorantim",SP,100.00,90.00,,,""
0100072322,"Votorantim",SP,100.00,90.00,,,""
0100072A03,"Votorantim",SP,100.00,90.00,,,""
0100073MF2,"Votorantim",SP,100.00,90.00,,,""
01000740AZ,"Votorantim",SP,100.00,90.00,,,""
01000749Q8,"Votorantim",SP,100.00,90.00,,,""
0100074NT3,"Votorantim",SP,100.00,90.00,,,""
0100075RL2,"Votorantim",SP,100.00,90.00,,,""
01000763KI,"Votorantim",SP,100.00,90.00,,,""
01000766EP,"Votorantim",SP,100.00,90.00,,,""
0100077G5X,"Votorantim",SP,100.00,90.00,,,""
0100077R1S,"Votorantim",SP,100.00,90.00,,,""
0100077V02,"Votorantim",SP,100.00,90.00,,,""
0100078X3O,"Votorantim",SP,100.00,90.00,,,""
0100079H60,"Votorantim",SP,100.00,90.00,,,""
010007AC0E,"Votorantim",SP,100.00,90.00,,,""
010007AR3H,"Votorantim",SP,100.00,90.00,,,""
010007B59H,"Votorantim",SP,100.00,90.00,,,""
010007BG3E,"Votorantim",SP,100.00,90.00,,,""
010007BO1P,"Votorantim",SP,100.00,90.00,,,""
010007D77G,"Votorantim",SP,100.00,90.00,,,""
010007DN0K,"Votorantim",SP,100.00,90.00,,,""
010007DU1U,"Votorantim",SP,100.00,90.00,,,""
010007DX5S,"Votorantim",SP,100.00,90.00,,,""
010007E60F,"Votorantim",SP,100.00,90.00,,,""
010007EF6M,"Votorantim",SP,100.00,90.00,,,""
010007ES27,"Votorantim",SP,100.00,90.00,,,""
010007EVOB,"Votorantim",SP,100.00,90.00,,,""
010007FG6W,"Votorantim",SP,100.00,90.00,,,""
010007FJ0F,"Votorantim",SP,100.00,90.00,,,""
010007FT07,"Votorantim",SP,100.00,90.00,,,""
010007G820,"Votorantim",SP,100.00,90.00,,,""
010007GA9V,"Votorantim",SP,100.00,90.00,,,""
010007GK03,"Votorantim",SP,100.00,90.00,,,""
010007H3LJ,"Votorantim",SP,100.00,90.00,,,""
010007HH76,"Votorantim",SP,100.00,90.00,,,""
010007HT81,"Votorantim",SP,100.00,90.00,,,""
010007HZH2,"Votorantim",SP,100.00,90.00,,,""
010007IC52,"Votorantim",SP,100.00,90.00,,,""
010007IN99,"Votorantim",SP,100.00,90.00,,,""
010007ITE1,"Votorantim",SP,100.00,90.00,,,""
010007JO61,"Votorantim",SP,100.00,90.00,,,""
010007L11F,"Votorantim",SP,100.00,90.00,,,""
010007L532,"Votorantim",SP,100.00,90.00,,,""
010007LL0G,"Votorantim",SP,100.00,90.00,,,""
010007LMD5,"Votorantim",SP,100.00,90.00,,,""
010007LQEV,"Votorantim",SP,100.00,90.00,,,""
010007M20L,"Votorantim",SP,100.00,90.00,,,""
010007MC24,"Votorantim",SP,100.00,90.00,,,""
010007N4KR,"Votorantim",SP,100.00,90.00,,,""
010007NF0A,"Votorantim",SP,100.00,90.00,,,""
010007NH4E,"Votorantim",SP,100.00,90.00,,,""
010007NKDD,"Votorantim",SP,100.00,90.00,,,""
010007NW1T,"Votorantim",SP,100.00,90.00,,,""
010007O10R,"Votorantim",SP,100.00,90.00,,,""
010007OF8F,"Votorantim",SP,100.00,90.00,,,""
010007OV7K,"Votorantim",SP,100.00,90.00,,,""
010007P62F,"Votorantim",SP,100.00,90.00,,,""
010007PQ94,"Votorantim",SP,100.00,90.00,,,""
010007PR78,"Votorantim",SP,100.00,90.00,,,""
010007PT7G,"Votorantim",SP,100.00,90.00,,,""
010007Q0A5,"Votorantim",SP,100.00,90.00,,,""
010007QA49,"Votorantim",SP,100.00,90.00,,,""
010007QFHQ,"Votorantim",SP,100.00,90.00,,,""
010007QK55,"Votorantim",SP,100.00,90.00,,,""
010007QU08,"Votorantim",SP,100.00,90.00,,,""
010007QW0C,"Votorantim",SP,100.00,90.00,,,""
010007RU4S,"Votorantim",SP,100.00,90.00,,,""
010007RW5I,"Votorantim",SP,100.00,90.00,,,""
010007SNET,"Votorantim",SP,100.00,90.00,,,""
010007SW16,"Votorantim",SP,100.00,90.00,,,""
010007SZ9P,"Votorantim",SP,100.00,90.00,,,""
010007T729,"Votorantim",SP,100.00,90.00,,,""
010007TU12,"Votorantim",SP,100.00,90.00,,,""
010007U885,"Votorantim",SP,100.00,90.00,,,""
010007V22X,"Votorantim",SP,100.00,90.00,,,""
010007WL9Z,"Votorantim",SP,100.00,90.00,,,""
010007YATR,"Votorantim",SP,100.00,90.00,,,""
010007YIFU,"Votorantim",SP,100.00,90.00,,,""
010007YJ78,"Votorantim",SP,100.00,90.00,,,""
010007YKNZ,"Votorantim",SP,100.00,90.00,,,""
01000801LA,"Votorantim",SP,100.00,90.00,,,""
01000806DN,"Votorantim",SP,100.00,90.00,,,""
0100080GKL,"Votorantim",SP,100.00,90.00,,,""
01000811VR,"Votorantim",SP,100.00,90.00,,,""
010008152I,"Votorantim",SP,100.00,90.00,,,""
0100081QBK,"Votorantim",SP,100.00,90.00,,,""
0100081V08,"Votorantim",SP,100.00,90.00,,,""
0100081Y2I,"Votorantim",SP,100.00,90.00,,,""
0100082A3M,"Votorantim",SP,100.00,90.00,,,""
0100082JKP,"Votorantim",SP,100.00,90.00,,,""
0100082LKX,"Votorantim",SP,100.00,90.00,,,""
0100082M61,"Votorantim",SP,100.00,90.00,,,""
01000832G2,"Votorantim",SP,100.00,90.00,,,""
0100083AFA,"Votorantim",SP,100.00,90.00,,,""
0100083FAL,"Votorantim",SP,100.00,90.00,,,""
0100083MGB,"Votorantim",SP,100.00,90.00,,,""
0100084F1T,"Votorantim",SP,100.00,90.00,,,""
0100084Y1B,"Votorantim",SP,100.00,90.00,,,""
0100085UFL,"Votorantim",SP,100.00,90.00,,,""
0100085VPI,"Votorantim",SP,100.00,90.00,,,""
010008628C,"Votorantim",SP,100.00,90.00,,,""
0100087802,"Votorantim",SP,100.00,90.00,,,""
0100088KIR,"Votorantim",SP,100.00,90.00,,,""
0100089412,"Votorantim",SP,100.00,90.00,,,""
0100089886,"Votorantim",SP,100.00,90.00,,,""
0100089IKN,"Votorantim",SP,100.00,90.00,,,""
010008ATCJ,"Votorantim",SP,100.00,90.00,,,""
010008BBK9,"Votorantim",SP,100.00,90.00,,,""
010008BID9,"Votorantim",SP,100.00,90.00,,,""
010008CB0A,"Votorantim",SP,100.00,90.00,,,""
010008CEH9,"Votorantim",SP,100.00,90.00,,,""
010008DBNS,"Votorantim",SP,100.00,90.00,,,""
010008DSE9,"Votorantim",SP,100.00,90.00,,,""
010008EB9Z,"Votorantim",SP,100.00,90.00,,,""
010008EIA1,"Votorantim",SP,100.00,90.00,,,""
010008EPA6,"Votorantim",SP,100.00,90.00,,,""
010008F7NG,"Votorantim",SP,100.00,90.00,,,""
010008FD8K,"Votorantim",SP,100.00,90.00,,,""
010008FL59,"Votorantim",SP,100.00,90.00,,,""
010008FPKH,"Votorantim",SP,100.00,90.00,,,""
010008FV9H,"Votorantim",SP,100.00,90.00,,,""
010008G643,"Votorantim",SP,100.00,90.00,,,""
010008G96M,"Votorantim",SP,100.00,90.00,,,""
010008GFBE,"Votorantim",SP,100.00,90.00,,,""
010008HKLI,"Votorantim",SP,100.00,90.00,,,""
010008HM05,"Votorantim",SP,100.00,90.00,,,""
010008I1NP,"Votorantim",SP,100.00,90.00,,,""
010008IJ4X,"Votorantim",SP,100.00,90.00,,,""
010008JL0F,"Votorantim",SP,100.00,90.00,,,""
010008JRHE,"Votorantim",SP,100.00,90.00,,,""
010008KF1E,"Votorantim",SP,100.00,90.00,,,""
010008LWC7,"Votorantim",SP,100.00,90.00,,,""
010008M1EQ,"Votorantim",SP,100.00,90.00,,,""
010008N68V,"Votorantim",SP,100.00,90.00,,,""
010008NB7D,"Votorantim",SP,100.00,90.00,,,""
010008NCIT,"Votorantim",SP,100.00,90.00,,,""
010008ND8T,"Votorantim",SP,100.00,90.00,,,""
010008NO0J,"Votorantim",SP,100.00,90.00,,,""
010008NP0W,"Votorantim",SP,100.00,90.00,,,""
010008NW68,"Votorantim",SP,100.00,90.00,,,""
010008O9DE,"Votorantim",SP,100.00,90.00,,,""
010008PE0Q,"Votorantim",SP,100.00,90.00,,,""
010008PS3N,"Votorantim",SP,100.00,90.00,,,""
010008PW1O,"Votorantim",SP,100.00,90.00,,,""
010008QJ7H,"Votorantim",SP,100.00,90.00,,,""
010008RA1H,"Votorantim",SP,100.00,90.00,,,""
010008S11O,"Votorantim",SP,100.00,90.00,,,""
010008TL42,"Votorantim",SP,100.00,90.00,,,""
010008UA66,"Votorantim",SP,100.00,90.00,,,""
010008UEH1,"Votorantim",SP,100.00,90.00,,,""
010008VR5I,"Votorantim",SP,100.00,90.00,,,""
010008WF3D,"Votorantim",SP,100.00,90.00,,,""
010008WNEL,"Votorantim",SP,100.00,90.00,,,""
010008XA73,"Votorantim",SP,100.00,90.00,,,""
010008XZ74,"Votorantim",SP,100.00,90.00,,,""
010008YM8Q,"Votorantim",SP,100.00,90.00,,,""
010008YP0V,"Votorantim",SP,100.00,90.00,,,""
010008YT92,"Votorantim",SP,100.00,90.00,,,""
0100090H86,"Votorantim",SP,100.00,90.00,,,""
0100091C28,"Votorantim",SP,100.00,90.00,,,""
01001QYX12,"VOTORANTIM",SP,100.00,90.00,,,""
01001QZ143,"VOTORANTIM",SP,100.00,90.00,,,""
01001R033Y,"VOTORANTIM",SP,100.00,90.00,,,""
01001R1FGF,"VOTORANTIM",SP,100.00,90.00,,,""
01008FJ2F9,"Votorantim",SP,100.00,90.00,,,""
01008FJJD8,"Votorantim",SP,100.00,90.00,,,""
010099GKJN,"Votorantim",SP,100.00,90.00,,,""
01009B0Z57,"Votorantim",SP,100.00,90.00,,,""
0100AUWDI5,"Votorantim",SP,100.00,90.00,,,""
0100AX7JQM,"Votorantim",SP,100.00,90.00,,,""
0100B4VLO9,"Votorantim",SP,100.00,90.00,,,""
0100B4VN2D,"Votorantim",SP,100.00,90.00,,,""
0100B6A443,"Votorantim",SP,100.00,90.00,,,""
0100CD9L6S,"Votorantim",SP,100.00,90.00,,,""
0100CWD8EU,"Votorantim",SP,100.00,90.00,,,""
0100DA9812,"Votorantim",SP,100.00,90.00,,,""
0100E4CJGD,"Votorantim",SP,100.00,90.00,,,""
0100E4IK1W,"Votorantim",SP,100.00,90.00,,,""
0100E4J888,"Votorantim",SP,100.00,90.00,,,""
0100E4M01X,"Votorantim",SP,100.00,90.00,,,""
0100E4WA0U,"Votorantim",SP,100.00,90.00,,,""
0100E5ZGHP,"Votorantim",SP,100.00,90.00,,,""
0100E8NA2N,"Votorantim",SP,100.00,90.00,,,""
0100EAP14N,"Votorantim",SP,100.00,90.00,,,""
0100EM5M7H,"Votorantim",SP,100.00,90.00,,,""
0100ER0KEY,"Votorantim",SP,100.00,90.00,,,""
0100ER5W30,"Votorantim",SP,100.00,90.00,,,""
0100ER7F5I,"Votorantim",SP,100.00,90.00,,,""
0100ESE6FA,"Votorantim",SP,100.00,90.00,,,""
0100EUT326,"Votorantim",SP,100.00,90.00,,,""
0100F0NRC2,"Votorantim",SP,100.00,90.00,,,""
0100F0NT00,"Votorantim",SP,100.00,90.00,,,""
0100F0VZ56,"Votorantim",SP,100.00,90.00,,,""
0100F0W30Q,"Votorantim",SP,100.00,90.00,,,""
0100F0WWKY,"Votorantim",SP,100.00,90.00,,,""
0100F0XF10,"Votorantim",SP,100.00,90.00,,,""
0100F1O9MU,"Votorantim",SP,100.00,90.00,,,""
0100F3666G,"Votorantim",SP,100.00,90.00,,,""
0100F39F1R,"Votorantim",SP,100.00,90.00,,,""
0100F39NK6,"Votorantim",SP,100.00,90.00,,,""
0100FKF951,"Votorantim",SP,100.00,90.00,,,""
010001TA7P,"Votorantim",SP,100.00,90.00,,,""
010001TI7C,"Votorantim",SP,100.00,90.00,,,""
010001V67S,"Votorantim",SP,100.00,90.00,,,""
010001V9I2,"Votorantim",SP,100.00,90.00,,,""
010001X6JC,"Votorantim",SP,100.00,90.00,,,""
010001XBC6,"Votorantim",SP,100.00,90.00,,,""
010001YOT3,"Votorantim",SP,100.00,90.00,,,""
010001YS1T,"Votorantim",SP,100.00,90.00,,,""
010001ZPBU,"Votorantim",SP,100.00,90.00,,,""
0100021GP7,"Votorantim",SP,100.00,90.00,,,""
0100023B1S,"Votorantim",SP,100.00,90.00,,,""
0100023U1M,"Votorantim",SP,100.00,90.00,,,""
0100025KAM,"Votorantim",SP,100.00,90.00,,,""
0100025O2S,"Votorantim",SP,100.00,90.00,,,""
0100029J2G,"Votorantim",SP,100.00,90.00,,,""
010002BC8J,"Votorantim",SP,100.00,90.00,,,""
010002D7OA,"Votorantim",SP,100.00,90.00,,,""
010002E69S,"Votorantim",SP,100.00,90.00,,,""
010002EH1A,"Votorantim",SP,100.00,90.00,,,""
010002F92M,"Votorantim",SP,100.00,90.00,,,""
010002FYGJ,"Votorantim",SP,100.00,90.00,,,""
010002GGFI,"Votorantim",SP,100.00,90.00,,,""
010002GV3K,"Votorantim",SP,100.00,90.00,,,""
010002HGBE,"Votorantim",SP,100.00,90.00,,,""
010002HH3L,"Votorantim",SP,100.00,90.00,,,""
010002HV22,"Votorantim",SP,100.00,90.00,,,""
010002IAH0,"Votorantim",SP,100.00,90.00,,,""
010002IHBK,"Votorantim",SP,100.00,90.00,,,""
010002LR2H,"Votorantim",SP,100.00,90.00,,,""
010002LU6U,"Votorantim",SP,100.00,90.00,,,""
010002M91K,"Votorantim",SP,100.00,90.00,,,""
010002MP0Z,"Votorantim",SP,100.00,90.00,,,""
010002MVEX,"Votorantim",SP,100.00,90.00,,,""
010002NE9W,"Votorantim",SP,100.00,90.00,,,""
010002NU3L,"Votorantim",SP,100.00,90.00,,,""
010002NX1I,"Votorantim",SP,100.00,90.00,,,""
010002NY15,"Votorantim",SP,100.00,90.00,,,""
010002OC8W,"Votorantim",SP,100.00,90.00,,,""
010002OK38,"Votorantim",SP,100.00,90.00,,,""
010002OW97,"Votorantim",SP,100.00,90.00,,,""
010002PLVE,"Votorantim",SP,100.00,90.00,,,""
010002PO7B,"Votorantim",SP,100.00,90.00,,,""
010002QUHH,"Votorantim",SP,100.00,90.00,,,""
010002RNBY,"Votorantim",SP,100.00,90.00,,,""
010002RS7O,"Votorantim",SP,100.00,90.00,,,""
010002SM88,"Votorantim",SP,100.00,90.00,,,""
010002SR1V,"Votorantim",SP,100.00,90.00,,,""
010002UO58,"Votorantim",SP,100.00,90.00,,,""
010002UPL6,"Votorantim",SP,100.00,90.00,,,""
010002V4DG,"Votorantim",SP,100.00,90.00,,,""
010002VO19,"Votorantim",SP,100.00,90.00,,,""
010002WHAD,"Votorantim",SP,100.00,90.00,,,""
010002WRBY,"Votorantim",SP,100.00,90.00,,,""
010002X24M,"Votorantim",SP,100.00,90.00,,,""
010002XYDL,"Votorantim",SP,100.00,90.00,,,""
010002Y82L,"Votorantim",SP,100.00,90.00,,,""
010002YG7B,"Votorantim",SP,100.00,90.00,,,""
010002Z4HV,"Votorantim",SP,100.00,90.00,,,""
010002Z5DA,"Votorantim",SP,100.00,90.00,,,""
010002Z99V,"Votorantim",SP,100.00,90.00,,,""
010002ZW0B,"Votorantim",SP,100.00,90.00,,,""
0100030444,"Votorantim",SP,100.00,90.00,,,""
01000307M6,"Votorantim",SP,100.00,90.00,,,""
0100030E9P,"Votorantim",SP,100.00,90.00,,,""
010003110C,"Votorantim",SP,100.00,90.00,,,""
0100031H5U,"Votorantim",SP,100.00,90.00,,,""
0100031KF2,"Votorantim",SP,100.00,90.00,,,""
0100033SE9,"Votorantim",SP,100.00,90.00,,,""
0100033Y0Q,"Votorantim",SP,100.00,90.00,,,""
01000340MV,"Votorantim",SP,100.00,90.00,,,""
0100034D2V,"Votorantim",SP,100.00,90.00,,,""
0100034MC0,"Votorantim",SP,100.00,90.00,,,""
0100034TDF,"Votorantim",SP,100.00,90.00,,,""
0100034VF9,"Votorantim",SP,100.00,90.00,,,""
0100034W2H,"Votorantim",SP,100.00,90.00,,,""
010003590N,"Votorantim",SP,100.00,90.00,,,""
010003771N,"Votorantim",SP,100.00,90.00,,,""
0100039FCJ,"Votorantim",SP,100.00,90.00,,,""
0100039H1G,"Votorantim",SP,100.00,90.00,,,""
0100039Q1J,"Votorantim",SP,100.00,90.00,,,""
0100039TB6,"Votorantim",SP,100.00,90.00,,,""
010003A4I4,"Votorantim",SP,100.00,90.00,,,""
010003AX78,"Votorantim",SP,100.00,90.00,,,""
010003BL09,"Votorantim",SP,100.00,90.00,,,""
010003C72Q,"Votorantim",SP,100.00,90.00,,,""
010003DL6I,"Votorantim",SP,100.00,90.00,,,""
010003FB3B,"Votorantim",SP,100.00,90.00,,,""
010003HP67,"Votorantim",SP,100.00,90.00,,,""
010003IK0F,"Votorantim",SP,100.00,90.00,,,""
010003JB2J,"Votorantim",SP,100.00,90.00,,,""
010003JGJU,"Votorantim",SP,100.00,90.00,,,""
010003JT0Q,"Votorantim",SP,100.00,90.00,,,""
010003KNGE,"Votorantim",SP,100.00,90.00,,,""
010003L389,"Votorantim",SP,100.00,90.00,,,""
010003M819,"Votorantim",SP,100.00,90.00,,,""
010003ML4H,"Votorantim",SP,100.00,90.00,,,""
010003NG23,"Votorantim",SP,100.00,90.00,,,""
010003NV8F,"Votorantim",SP,100.00,90.00,,,""
010003O1E6,"Votorantim",SP,100.00,90.00,,,""
010003P50I,"Votorantim",SP,100.00,90.00,,,""
010003PMBS,"Votorantim",SP,100.00,90.00,,,""
010003Q95Y,"Votorantim",SP,100.00,90.00,,,""
010003RC92,"Votorantim",SP,100.00,90.00,,,""
010003RP1J,"Votorantim",SP,100.00,90.00,,,""
010003RTCV,"Votorantim",SP,100.00,90.00,,,""
010003SEJH,"Votorantim",SP,100.00,90.00,,,""
010003SF70,"Votorantim",SP,100.00,90.00,,,""
010003SRRF,"Votorantim",SP,100.00,90.00,,,""
010003SW04,"Votorantim",SP,100.00,90.00,,,""
010003TA7E,"Votorantim",SP,100.00,90.00,,,""
010003TEA6,"Votorantim",SP,100.00,90.00,,,""
010003TOAR,"Votorantim",SP,100.00,90.00,,,""
010003TROA,"Votorantim",SP,100.00,90.00,,,""
010003TT5S,"Votorantim",SP,100.00,90.00,,,""
010003TW3J,"Votorantim",SP,100.00,90.00,,,""
010003UB11,"Votorantim",SP,100.00,90.00,,,""
010003UO2K,"Votorantim",SP,100.00,90.00,,,""
010003VM4P,"Votorantim",SP,100.00,90.00,,,""
010003VUI2,"Votorantim",SP,100.00,90.00,,,""
010003W94K,"Votorantim",SP,100.00,90.00,,,""
010003WV0P,"Votorantim",SP,100.00,90.00,,,""
010003XJ6I,"Votorantim",SP,100.00,90.00,,,""
010003XONQ,"Votorantim",SP,100.00,90.00,,,""
010003Y624,"Votorantim",SP,100.00,90.00,,,""
010003Y79B,"Votorantim",SP,100.00,90.00,,,""
010003YB0Z,"Votorantim",SP,100.00,90.00,,,""
010003YD0H,"Votorantim",SP,100.00,90.00,,,""
010003Z19T,"Votorantim",SP,100.00,90.00,,,""
010003Z7O7,"Votorantim",SP,100.00,90.00,,,""
010003ZPF2,"Votorantim",SP,100.00,90.00,,,""
0100040CIX,"Votorantim",SP,100.00,90.00,,,""
0100040G8T,"Votorantim",SP,100.00,90.00,,,""
0100040HCJ,"Votorantim",SP,100.00,90.00,,,""
010004187D,"Votorantim",SP,100.00,90.00,,,""
0100041D2B,"Votorantim",SP,100.00,90.00,,,""
0100041R85,"Votorantim",SP,100.00,90.00,,,""
01000423L7,"Votorantim",SP,100.00,90.00,,,""
01000435LY,"Votorantim",SP,100.00,90.00,,,""
01000439LD,"Votorantim",SP,100.00,90.00,,,""
010004409Y,"Votorantim",SP,100.00,90.00,,,""
0100044EK7,"Votorantim",SP,100.00,90.00,,,""
0100044O5Z,"Votorantim",SP,100.00,90.00,,,""
0100044Y43,"Votorantim",SP,100.00,90.00,,,""
01000454E1,"Votorantim",SP,100.00,90.00,,,""
0100045M09,"Votorantim",SP,100.00,90.00,,,""
0100045YDS,"Votorantim",SP,100.00,90.00,,,""
010004724M,"Votorantim",SP,100.00,90.00,,,""
010004863J,"Votorantim",SP,100.00,90.00,,,""
010004884P,"Votorantim",SP,100.00,90.00,,,""
0100048OP0,"Votorantim",SP,100.00,90.00,,,""
0100048WDA,"Votorantim",SP,100.00,90.00,,,""
010004A461,"Votorantim",SP,100.00,90.00,,,""
010004AD0R,"Votorantim",SP,100.00,90.00,,,""
010004BB6H,"Votorantim",SP,100.00,90.00,,,""
010004BKGA,"Votorantim",SP,100.00,90.00,,,""
010004BU6C,"Votorantim",SP,100.00,90.00,,,""
010000MK0P,"Votorantim",SP,100.00,90.00,,,""
010004DGPB,"Votorantim",SP,100.00,90.00,,,""
010004DM10,"Votorantim",SP,100.00,90.00,,,""
010004E40K,"Votorantim",SP,100.00,90.00,,,""
010004EDA0,"Votorantim",SP,100.00,90.00,,,""
010004EH6N,"Votorantim",SP,100.00,90.00,,,""
010004FGLN,"Votorantim",SP,100.00,90.00,,,""
010004FLHZ,"Votorantim",SP,100.00,90.00,,,""
010004G8AK,"Votorantim",SP,100.00,90.00,,,""
010004GQ48,"Votorantim",SP,100.00,90.00,,,""
010004HI15,"Votorantim",SP,100.00,90.00,,,""
010004JG6F,"Votorantim",SP,100.00,90.00,,,""
010004JR44,"Votorantim",SP,100.00,90.00,,,""
010004KB09,"Votorantim",SP,100.00,90.00,,,""
010004KJ1Y,"Votorantim",SP,100.00,90.00,,,""
010004L01Y,"Votorantim",SP,100.00,90.00,,,""
010004LB7I,"Votorantim",SP,100.00,90.00,,,""
010004LW1F,"Votorantim",SP,100.00,90.00,,,""
010004M561,"Votorantim",SP,100.00,90.00,,,""
010004N68G,"Votorantim",SP,100.00,90.00,,,""
010004NWKV,"Votorantim",SP,100.00,90.00,,,""
010004OF9W,"Votorantim",SP,100.00,90.00,,,""
010004P14L,"Votorantim",SP,100.00,90.00,,,""
010004PLEO,"Votorantim",SP,100.00,90.00,,,""
010004Q6DE,"Votorantim",SP,100.00,90.00,,,""
010004QI96,"Votorantim",SP,100.00,90.00,,,""
010004QM9G,"Votorantim",SP,100.00,90.00,,,""
010004RU1R,"Votorantim",SP,100.00,90.00,,,""
010004RV26,"Votorantim",SP,100.00,90.00,,,""
010004SHC2,"Votorantim",SP,100.00,90.00,,,""
010004TADE,"Votorantim",SP,100.00,90.00,,,""
010004TK5U,"Votorantim",SP,100.00,90.00,,,""
010004UF3P,"Votorantim",SP,100.00,90.00,,,""
010004V3BZ,"Votorantim",SP,100.00,90.00,,,""
010004V991,"Votorantim",SP,100.00,90.00,,,""
010004VI5I,"Votorantim",SP,100.00,90.00,,,""
010004W2HX,"Votorantim",SP,100.00,90.00,,,""
010004W46N,"Votorantim",SP,100.00,90.00,,,""
010004WD0K,"Votorantim",SP,100.00,90.00,,,""
010004XE1I,"Votorantim",SP,100.00,90.00,,,""
010004XR8P,"Votorantim",SP,100.00,90.00,,,""
010004Y9OL,"Votorantim",SP,100.00,90.00,,,""
010004YJ8L,"Votorantim",SP,100.00,90.00,,,""
010004Z518,"Votorantim",SP,100.00,90.00,,,""
010004ZN28,"Votorantim",SP,100.00,90.00,,,""
0100050P1N,"Votorantim",SP,100.00,90.00,,,""
010005135J,"Votorantim",SP,100.00,90.00,,,""
010005328G,"Votorantim",SP,100.00,90.00,,,""
0100053D3M,"Votorantim",SP,100.00,90.00,,,""
0100053G9D,"Votorantim",SP,100.00,90.00,,,""
0100054ESC,"Votorantim",SP,100.00,90.00,,,""
0100054U8F,"Votorantim",SP,100.00,90.00,,,""
0100055S1C,"Votorantim",SP,100.00,90.00,,,""
0100056Q54,"Votorantim",SP,100.00,90.00,,,""
0100057Q98,"Votorantim",SP,100.00,90.00,,,""
01000584F9,"Votorantim",SP,100.00,90.00,,,""
010005881K,"Votorantim",SP,100.00,90.00,,,""
0100058A7Z,"Votorantim",SP,100.00,90.00,,,""
0100058N1V,"Votorantim",SP,100.00,90.00,,,""
0100059K3L,"Votorantim",SP,100.00,90.00,,,""
010005BV09,"Votorantim",SP,100.00,90.00,,,""
010005C3F1,"Votorantim",SP,100.00,90.00,,,""
010005CHJJ,"Votorantim",SP,100.00,90.00,,,""
010005CKHW,"Votorantim",SP,100.00,90.00,,,""
010005DLI1,"Votorantim",SP,100.00,90.00,,,""
010005DXCO,"Votorantim",SP,100.00,90.00,,,""
010005EZ0A,"Votorantim",SP,100.00,90.00,,,""
010005F268,"Votorantim",SP,100.00,90.00,,,""
010005F9AU,"Votorantim",SP,100.00,90.00,,,""
010005FB35,"Votorantim",SP,100.00,90.00,,,""
010005G53Q,"Votorantim",SP,100.00,90.00,,,""
010005G6JI,"Votorantim",SP,100.00,90.00,,,""
010005GLNQ,"Votorantim",SP,100.00,90.00,,,""
010005HB3S,"Votorantim",SP,100.00,90.00,,,""
010005HUNF,"Votorantim",SP,100.00,90.00,,,""
010005IN2Z,"Votorantim",SP,100.00,90.00,,,""
010005IV13,"Votorantim",SP,100.00,90.00,,,""
010005J3OY,"Votorantim",SP,100.00,90.00,,,""
010005JD2I,"Votorantim",SP,100.00,90.00,,,""
010005KW0P,"Votorantim",SP,100.00,90.00,,,""
010005L30F,"Votorantim",SP,100.00,90.00,,,""
010005M8O3,"Votorantim",SP,100.00,90.00,,,""
010005O525,"Votorantim",SP,100.00,90.00,,,""
010005OOQ3,"Votorantim",SP,100.00,90.00,,,""
010005OS9Y,"Votorantim",SP,100.00,90.00,,,""
010005OX27,"Votorantim",SP,100.00,90.00,,,""
010005P2R3,"Votorantim",SP,100.00,90.00,,,""
010005PPW8,"Votorantim",SP,100.00,90.00,,,""
010005Q80M,"Votorantim",SP,100.00,90.00,,,""
010005QK9G,"Votorantim",SP,100.00,90.00,,,""
010005QZ1E,"Votorantim",SP,100.00,90.00,,,""
010005RCCH,"Votorantim",SP,100.00,90.00,,,""
010005RL00,"Votorantim",SP,100.00,90.00,,,""
010005RM12,"Votorantim",SP,100.00,90.00,,,""
010005RV2S,"Votorantim",SP,100.00,90.00,,,""
010005SWSY,"Votorantim",SP,100.00,90.00,,,""
010005TA59,"Votorantim",SP,100.00,90.00,,,""
010005U12V,"Votorantim",SP,100.00,90.00,,,""
010005UDPY,"Votorantim",SP,100.00,90.00,,,""
010005UWGW,"Votorantim",SP,100.00,90.00,,,""
010005VG7J,"Votorantim",SP,100.00,90.00,,,""
010005WXBH,"Votorantim",SP,100.00,90.00,,,""
010005X55N,"Votorantim",SP,100.00,90.00,,,""
010005XC9G,"Votorantim",SP,100.00,90.00,,,""
010005XH3V,"Votorantim",SP,100.00,90.00,,,""
010005XY36,"Votorantim",SP,100.00,90.00,,,""
010005YU00,"Votorantim",SP,100.00,90.00,,,""
010005ZU9U,"Votorantim",SP,100.00,90.00,,,""
010005ZZBT,"Votorantim",SP,100.00,90.00,,,""
010006006E,"Votorantim",SP,100.00,90.00,,,""
0100060711,"Votorantim",SP,100.00,90.00,,,""
0100060GNV,"Votorantim",SP,100.00,90.00,,,""
0100063488,"Votorantim",SP,100.00,90.00,,,""
0100063U20,"Votorantim",SP,100.00,90.00,,,""
0100064P0A,"Votorantim",SP,100.00,90.00,,,""
0100064R9G,"Votorantim",SP,100.00,90.00,,,""
0100065F1E,"Votorantim",SP,100.00,90.00,,,""
0100065OMU,"Votorantim",SP,100.00,90.00,,,""
0100065X6Y,"Votorantim",SP,100.00,90.00,,,""
0100066KE0,"Votorantim",SP,100.00,90.00,,,""
01000674CF,"Votorantim",SP,100.00,90.00,,,""
01000677A9,"Votorantim",SP,100.00,90.00,,,""
0100067N7R,"Votorantim",SP,100.00,90.00,,,""
0100068LCK,"Votorantim",SP,100.00,90.00,,,""
010006A33S,"Votorantim",SP,100.00,90.00,,,""
010006AH3K,"Votorantim",SP,100.00,90.00,,,""
010006B70U,"Votorantim",SP,100.00,90.00,,,""
010006BV7B,"Votorantim",SP,100.00,90.00,,,""
010006C286,"Votorantim",SP,100.00,90.00,,,""
010006CA0H,"Votorantim",SP,100.00,90.00,,,""
010006D31L,"Votorantim",SP,100.00,90.00,,,""
010006DL1U,"Votorantim",SP,100.00,90.00,,,""
010006DV7P,"Votorantim",SP,100.00,90.00,,,""
010006ED72,"Votorantim",SP,100.00,90.00,,,""
010006EI08,"Votorantim",SP,100.00,90.00,,,""
010006EKH8,"Votorantim",SP,100.00,90.00,,,""
010006EM66,"Votorantim",SP,100.00,90.00,,,""
010006EW6D,"Votorantim",SP,100.00,90.00,,,""
010006FJ07,"Votorantim",SP,100.00,90.00,,,""
010063G8S4,"Votorantim",SP,99.99,90.00,C,01000OL7D9,"Temos uma oferta especial para você repor seu produto favorito!"
010062NP73,"Votorantim",SP,99.99,90.00,C,01000GE1AU,"Temos uma oferta especial para você repor seu produto favorito!"
0100627PNW,"Votorantim",SP,99.98,90.00,A,01000M1H3G,"Comprado frequentemente por clientes com perfil similar ao seu."
01008AVB13,"Votorantim",SP,99.97,90.00,A,01008MAD0O,"Comprado frequentemente por clientes com perfil similar ao seu."
0100021ECU,"Votorantim",SP,99.95,90.00,A,01000MN14Z,"Comprado frequentemente por clientes com perfil similar ao seu."
010007RIC9,"Votorantim",SP,99.94,90.00,B,01000E0HFX,"Comprado frequentemente por clientes com perfil similar ao seu."
01008XVT2L,"Votorantim",SP,99.92,90.00,A,01000KOKCB,"Comprado frequentemente por clientes com perfil similar ao seu."
01009J411C,"Votorantim",SP,99.92,90.00,B,01008CS0L4,"Temos uma oferta especial para você repor seu produto favorito!"
0100AV2589,"Votorantim",SP,99.85,90.00,C,01000O0D69,"Comprado frequentemente por clientes com perfil similar ao seu."
010002CA3K,"Votorantim",SP,99.83,90.00,A,01000N2W4T,"Comprado frequentemente por clientes com perfil similar ao seu."
0100ASRW5H,"Votorantim",SP,99.83,90.00,B,01000KRYJG,"Comprado frequentemente por clientes com perfil similar ao seu."
0100B0CLSD,"Votorantim",SP,99.78,90.00,B,01000AYCA1,"Clientes que compram o que você leva também gostam deste item."
0100B3AQ9X,"Votorantim",SP,99.76,90.00,B,01000N2W4T,"Comprado frequentemente por clientes com perfil similar ao seu."
0100B6OG60,"Votorantim",SP,99.72,90.00,C,01000O0F1T,"Comprado frequentemente por clientes com perfil similar ao seu."
0100B5XF0S,"Votorantim",SP,99.69,90.00,B,01000KJ0V5,"Comprado frequentemente por clientes com perfil similar ao seu."
0100AK5M2T,"Votorantim",SP,99.68,90.00,A,01000O47BX,"Comprado frequentemente por clientes com perfil similar ao seu."
0100B7OX3Y,"Votorantim",SP,99.64,90.00,A,01000JOY5C,"Produto já comprado por você anteriormente."
0100BFJE9L,"Votorantim",SP,99.62,66.50,C,01000O0F1T,"Comprado frequentemente por clientes com perfil similar ao seu."
0100BD7GFR,"Votorantim",SP,99.60,66.50,C,01000EU765,"Comprado frequentemente por clientes com perfil similar ao seu."
0100BGEY9E,"Votorantim",SP,99.58,66.50,C,01000O2I1H,"Comprado frequentemente por clientes com perfil similar ao seu."
0100BCBRBI,"Votorantim",SP,99.56,66.50,B,0100AXSL68,"Comprado frequentemente por clientes com perfil similar ao seu."
0100BA016A,"Votorantim",SP,99.55,68.00,A,01003M2X92,"Comprado frequentemente por clientes com perfil similar ao seu."
0100BDH6DY,"Votorantim",SP,99.54,66.50,A,01000EPOAI,"Comprado frequentemente por clientes com perfil similar ao seu."
0100B5YA38,"Votorantim",SP,99.51,68.00,A,0100B5RE0X,"Temos uma oferta especial para você repor seu produto favorito!"
0100B76D84,"Votorantim",SP,99.51,68.00,A,01003M2P0O,"Produto já comprado por você anteriormente."
0100BF3C3F,"Votorantim",SP,99.41,66.50,A,01003M2X92,"Comprado frequentemente por clientes com perfil similar ao seu."
0100BI371W,"Votorantim",SP,99.40,66.50,B,01000NOX3W,"Comprado frequentemente por clientes com perfil similar ao seu."
0100BKOT1Q,"Votorantim",SP,99.39,66.50,C,01008BEJ0M,"Temos uma oferta especial para você repor seu produto favorito!"
0100BNQSIE,"Votorantim",SP,99.23,66.50,C,01005BW49V,"Temos uma oferta especial para você repor seu produto favorito!"
0100BNI386,"Votorantim",SP,99.15,66.50,C,01008MAD0O,"Comprado frequentemente por clientes com perfil similar ao seu."
0100C1LZAB,"Votorantim",SP,98.80,66.50,C,01000N2M1N,"Comprado frequentemente por clientes com perfil similar ao seu."
0100C2XGVP,"Votorantim",SP,98.69,66.50,C,01000MIXGC,"Temos uma oferta especial para você repor seu produto favorito!"
0100662H9Q,"Votorantim",SP,98.66,69.50,A,01000O47BX,"Comprado frequentemente por clientes com perfil similar ao seu."
0100C0QX0T,"Votorantim",SP,98.43,66.50,B,01000AOW0T,"Temos uma oferta especial para você repor seu produto favorito!"
0100BZYB1F,"Votorantim",SP,98.42,66.50,C,01000DHJ7O,"Comprado frequentemente por clientes com perfil similar ao seu."
0100C1UU1T,"Votorantim",SP,98.40,66.50,C,01000NYN3V,"Comprado frequentemente por clientes com perfil similar ao seu."
0100BYT01A,"Votorantim",SP,98.39,66.50,B,01000N2W4T,"Comprado frequentemente por clientes com perfil similar ao seu."
0100C5UV0B,"Votorantim",SP,98.34,66.50,C,01000O2I1H,"Comprado frequentemente por clientes com perfil similar ao seu."
0100C1YICN,"Votorantim",SP,98.29,66.50,B,01000M23WQ,"Comprado frequentemente por clientes com perfil similar ao seu."
0100C53GGW,"Votorantim",SP,98.22,66.50,C,01000FVP1X,"Temos uma oferta especial para você repor seu produto favorito!"
0100C2H12R,"Votorantim",SP,98.19,66.50,B,01000KRYJG,"Comprado frequentemente por clientes com perfil similar ao seu."
0100CDAW1Z,"Votorantim",SP,98.09,66.50,C,01000AYCA1,"Clientes que compram o que você leva também gostam deste item."
0100C52B8T,"Votorantim",SP,98.00,66.50,B,01000EV9K6,"Comprado frequentemente por clientes com perfil similar ao seu."
0100CBFJ0T,"Votorantim",SP,97.98,66.50,C,01000USZ2R,"Comprado frequentemente por clientes com perfil similar ao seu."
0100C7SAAC,"Votorantim",SP,97.92,66.50,A,0100BHMHJ2,"Temos uma oferta especial para você repor seu produto favorito!"
0100CBN475,"Votorantim",SP,97.91,66.50,C,01000NOR8E,"Comprado frequentemente por clientes com perfil similar ao seu."
0100C5S580,"Votorantim",SP,97.85,66.50,A,0100B5RE0X,"Comprado frequentemente por clientes com perfil similar ao seu."
0100CEC309,"Votorantim",SP,97.84,66.50,C,01000OLBAR,"Temos uma oferta especial para você repor seu produto favorito!"
0100CCEA10,"Votorantim",SP,97.81,66.50,C,01000AYE5G,"Comprado frequentemente por clientes com perfil similar ao seu."
0100C83P1P,"Votorantim",SP,97.79,66.50,B,01000NYFFY,"Comprado frequentemente por clientes com perfil similar ao seu."
0100CBYB68,"Votorantim",SP,97.77,66.50,C,01000L9WBF,"Comprado frequentemente por clientes com perfil similar ao seu."
0100BKQY5F,"Votorantim",SP,97.53,68.00,B,01000I742Z,"Produto já comprado por você anteriormente."
01005XYZ7Y,"Votorantim",SP,97.45,71.00,B,01000NOX3W,"Comprado frequentemente por clientes com perfil similar ao seu."
0100CCJGSA,"Votorantim",SP,97.41,66.50,C,01000CD901,"Comprado frequentemente por clientes com perfil similar ao seu."
0100C9V187,"Votorantim",SP,97.33,66.50,B,01000NOX3W,"Comprado frequentemente por clientes com perfil similar ao seu."
0100BPG47W,"Votorantim",SP,97.17,68.00,B,01000NXR1V,"Comprado frequentemente por clientes com perfil similar ao seu."
0100CFTP84,"Votorantim",SP,96.95,66.50,B,01000L1508,"Comprado frequentemente por clientes com perfil similar ao seu."
0100CHL46P,"Votorantim",SP,96.78,66.50,C,01000KRYJG,"Comprado frequentemente por clientes com perfil similar ao seu."
0100COLVHU,"Votorantim",SP,96.51,66.50,C,01000O2I1H,"Comprado frequentemente por clientes com perfil similar ao seu."
0100CJXIH8,"Votorantim",SP,96.41,66.50,C,01000KJ0V5,"Comprado frequentemente por clientes com perfil similar ao seu."
0100CKP98K,"Votorantim",SP,96.40,66.50,C,01000O0F1T,"Comprado frequentemente por clientes com perfil similar ao seu."
0100CJFH0L,"Votorantim",SP,96.32,66.50,B,01000FLBGS,"Comprado frequentemente por clientes com perfil similar ao seu."
0100CJ61IW,"Votorantim",SP,96.30,66.50,A,010009NRB5,"Temos uma oferta especial para você repor seu produto favorito!"
0100CMO544,"Votorantim",SP,96.19,66.50,C,01000MQMFA,"Temos uma oferta especial para você repor seu produto favorito!"
0100CKQPD4,"Votorantim",SP,96.18,66.50,C,01000H579V,"Temos uma oferta especial para você repor seu produto favorito!"
0100CIFI54,"Votorantim",SP,96.13,66.50,B,01000NPF0E,"Comprado frequentemente por clientes com perfil similar ao seu."
0100CKRZ8I,"Votorantim",SP,95.98,66.50,A,01000MN9C8,"Comprado frequentemente por clientes com perfil similar ao seu."
0100COTV06,"Votorantim",SP,95.75,66.50,C,01000N2W4T,"Comprado frequentemente por clientes com perfil similar ao seu."
0100CI773R,"Votorantim",SP,95.74,66.50,A,01000FLBGS,"Comprado frequentemente por clientes com perfil similar ao seu."
0100CK8B0N,"Votorantim",SP,95.65,66.50,A,01000AYE5G,"Comprado frequentemente por clientes com perfil similar ao seu."
0100CMZ7FN,"Votorantim",SP,95.47,66.50,B,0100AXS535,"Comprado frequentemente por clientes com perfil similar ao seu."
0100C21V09,"Votorantim",SP,95.44,68.00,A,01000LB1H6,"Comprado frequentemente por clientes com perfil similar ao seu."
0100CMRV75,"Votorantim",SP,95.23,66.50,A,0100BVGELN,"Comprado frequentemente por clientes com perfil similar ao seu."
0100CWPBJ1,"Votorantim",SP,95.10,66.50,C,01000MOA2D,"Temos uma oferta especial para você repor seu produto favorito!"
0100CNH9HW,"Votorantim",SP,95.06,66.50,B,01000NYFFY,"Comprado frequentemente por clientes com perfil similar ao seu."
0100CROL27,"Votorantim",SP,95.05,66.50,C,0100BVGBFW,"Comprado frequentemente por clientes com perfil similar ao seu."
0100CZ16P0,"Votorantim",SP,95.02,66.50,C,01000AYE5G,"Comprado frequentemente por clientes com perfil similar ao seu."
0100CPSH1K,"Votorantim",SP,94.89,66.50,B,01000KJ0V5,"Comprado frequentemente por clientes com perfil similar ao seu."
0100B15K0W,"Votorantim",SP,94.62,68.00,B,01000KLX5P,"Comprado frequentemente por clientes com perfil similar ao seu."
0100CXR150,"Votorantim",SP,93.85,66.50,C,01000FX51T,"Comprado frequentemente por clientes com perfil similar ao seu."
0100D5QX7T,"Votorantim",SP,93.22,66.50,C,01000KF91G,"Temos uma oferta especial para você repor seu produto favorito!"
010001VE19,"Votorantim",SP,93.03,66.50,A,01000K8JBX,"Temos uma oferta especial para você repor seu produto favorito!"
0100D0HMDU,"Votorantim",SP,93.00,66.50,B,01000LJJ4D,"Temos uma oferta especial para você repor seu produto favorito!"
0100D7YR53,"Votorantim",SP,92.92,66.50,C,01003UFKEG,"Temos uma oferta especial para você repor seu produto favorito!"
0100CVGC2S,"Votorantim",SP,92.69,68.00,B,01000MN14Z,"Comprado frequentemente por clientes com perfil similar ao seu."
0100D232IB,"Votorantim",SP,92.34,66.50,B,0100BVG809,"Comprado frequentemente por clientes com perfil similar ao seu."
0100BYKB31,"Votorantim",SP,92.19,68.00,A,01000AYCA1,"Comprado frequentemente por clientes com perfil similar ao seu."
0100D6V0KB,"Votorantim",SP,92.16,66.50,C,01000AYE5G,"Comprado frequentemente por clientes com perfil similar ao seu."
0100D6H47S,"Votorantim",SP,92.07,66.50,C,01000N2W4T,"Comprado frequentemente por clientes com perfil similar ao seu."
010006CP09,"Votorantim",SP,92.01,66.50,C,01000N2UD9,"Comprado frequentemente por clientes com perfil similar ao seu."
0100D72UL3,"Votorantim",SP,91.86,66.50,C,01000N2W4T,"Comprado frequentemente por clientes com perfil similar ao seu."
0100DAGNFS,"Votorantim",SP,91.84,66.50,C,01000O0Y3L,"Temos uma oferta especial para você repor seu produto favorito!"
0100DD2IMM,"Votorantim",SP,91.83,66.50,C,01000DHD72,"Temos uma oferta especial para você repor seu produto favorito!"
0100D1HF23,"Votorantim",SP,91.75,66.50,B,01000MKC8T,"Comprado frequentemente por clientes com perfil similar ao seu."
0100BCCVDM,"Votorantim",SP,91.40,68.00,C,01005TB45A,"Comprado frequentemente por clientes com perfil similar ao seu."
0100DA1K7F,"Votorantim",SP,91.35,66.50,C,01000LD568,"Comprado frequentemente por clientes com perfil similar ao seu."
0100D7X4CC,"Votorantim",SP,91.17,66.50,C,01000KJ0V5,"Comprado frequentemente por clientes com perfil similar ao seu."
0100DCM6GO,"Votorantim",SP,91.16,66.50,C,01000O1A2S,"Temos uma oferta especial para você repor seu produto favorito!"
0100DBPJAD,"Votorantim",SP,91.15,66.50,C,01000NQQ1J,"Temos uma oferta especial para você repor seu produto favorito!"
0100DETA24,"Votorantim",SP,91.08,66.50,C,01000MP37G,"Temos uma oferta especial para você repor seu produto favorito!"
0100B7I8DA,"Votorantim",SP,89.95,74.00,B,01003UFKEG,"Temos uma oferta especial para você repor seu produto favorito!"
0100CXO1HL,"Votorantim",SP,89.92,68.00,B,01000N2W4T,"Comprado frequentemente por clientes com perfil similar ao seu."
0100DIMD4E,"Votorantim",SP,89.83,66.50,C,01000L1508,"Comprado frequentemente por clientes com perfil similar ao seu."
0100D9TW13,"Votorantim",SP,89.62,66.50,B,01000MN9C8,"Comprado frequentemente por clientes com perfil similar ao seu."
0100CRH64X,"Votorantim",SP,89.28,66.50,B,0100BVGBFW,"Comprado frequentemente por clientes com perfil similar ao seu."
0100DGOX5F,"Votorantim",SP,89.26,66.50,C,01000LQY0G,"Comprado frequentemente por clientes com perfil similar ao seu."
0100DHW422,"Votorantim",SP,89.11,66.50,C,01000MIXGC,"Temos uma oferta especial para você repor seu produto favorito!"
0100D48554,"Votorantim",SP,89.10,68.00,A,01000FLS7T,"Temos uma oferta especial para você repor seu produto favorito!"
0100DDLDA4,"Votorantim",SP,88.58,66.50,B,01000NYFFY,"Comprado frequentemente por clientes com perfil similar ao seu."
0100DBLP0K,"Votorantim",SP,88.07,68.00,B,01000AYCA1,"Comprado frequentemente por clientes com perfil similar ao seu."
0100DL5B0I,"Votorantim",SP,87.48,66.50,C,0100BVG809,"Comprado frequentemente por clientes com perfil similar ao seu."
0100DEFW28,"Votorantim",SP,87.13,66.50,A,01008MAD0O,"Comprado frequentemente por clientes com perfil similar ao seu."
0100DJBP6V,"Votorantim",SP,86.79,66.50,A,01000M8U04,"Temos uma oferta especial para você repor seu produto favorito!"
0100DFX02K,"Votorantim",SP,86.70,66.50,B,01000N2W4T,"Comprado frequentemente por clientes com perfil similar ao seu."
0100DOGGII,"Votorantim",SP,86.66,66.50,C,01000AYE5G,"Comprado frequentemente por clientes com perfil similar ao seu."
0100DM9EJ5,"Votorantim",SP,86.21,66.50,C,01000LD568,"Comprado frequentemente por clientes com perfil similar ao seu."
0100DJF70G,"Votorantim",SP,86.16,66.50,B,01000L9I47,"Comprado frequentemente por clientes com perfil similar ao seu."
0100DQFT3H,"Votorantim",SP,85.85,66.50,C,01000O2I1H,"Comprado frequentemente por clientes com perfil similar ao seu."
0100BC9H65,"Votorantim",SP,85.84,68.00,C,01000CD901,"Comprado frequentemente por clientes com perfil similar ao seu."
0100DRNG69,"Votorantim",SP,85.83,66.50,C,01000AYCA1,"Comprado frequentemente por clientes com perfil similar ao seu."
0100DJY246,"Votorantim",SP,85.73,66.50,B,0100BVGELN,"Comprado frequentemente por clientes com perfil similar ao seu."
0100DPWI5R,"Votorantim",SP,85.43,66.50,C,01000AOW0T,"Temos uma oferta especial para você repor seu produto favorito!"
0100DPC4P2,"Votorantim",SP,85.32,66.50,C,01000AYCA1,"Comprado frequentemente por clientes com perfil similar ao seu."
0100DUEL41,"Votorantim",SP,85.07,66.50,C,01000NYFFY,"Comprado frequentemente por clientes com perfil similar ao seu."
0100DKCQSA,"Votorantim",SP,85.00,68.00,C,01000AYCA1,"Comprado frequentemente por clientes com perfil similar ao seu."
0100DO1R5P,"Votorantim",SP,84.89,66.50,C,01000CD901,"Comprado frequentemente por clientes com perfil similar ao seu."
0100DLT07Z,"Votorantim",SP,84.72,66.50,B,01000KRYJG,"Comprado frequentemente por clientes com perfil similar ao seu."
0100DQ339Q,"Votorantim",SP,84.53,66.50,C,01000AYE5G,"Comprado frequentemente por clientes com perfil similar ao seu."
0100DPZECM,"Votorantim",SP,84.35,66.50,C,01000O2I1H,"Comprado frequentemente por clientes com perfil similar ao seu."
0100DVZK8Z,"Votorantim",SP,83.88,66.50,C,01000LQY0G,"Comprado frequentemente por clientes com perfil similar ao seu."
0100DPWZ4J,"Votorantim",SP,83.44,66.50,C,01000NZP31,"Comprado frequentemente por clientes com perfil similar ao seu."
0100DRY87R,"Votorantim",SP,83.36,66.50,B,01000AYCA1,"Comprado frequentemente por clientes com perfil similar ao seu."
010007HV2T,"Votorantim",SP,83.34,66.50,A,01000KJY9W,"Comprado frequentemente por clientes com perfil similar ao seu."
0100DU9Q86,"Votorantim",SP,83.32,66.50,C,01000NYN3V,"Comprado frequentemente por clientes com perfil similar ao seu."
0100D8AE3H,"Votorantim",SP,82.95,68.00,B,01000NP99X,"Comprado frequentemente por clientes com perfil similar ao seu."
0100DUKPEZ,"Votorantim",SP,82.80,66.50,C,01000N2W4T,"Comprado frequentemente por clientes com perfil similar ao seu."
0100D24O0M,"Votorantim",SP,82.76,66.50,B,0100BVG809,"Comprado frequentemente por clientes com perfil similar ao seu."
0100DRRZ2T,"Votorantim",SP,82.67,66.50,C,01000N3Q71,"Comprado frequentemente por clientes com perfil similar ao seu."
0100DVT727,"Votorantim",SP,82.20,66.50,C,01000KJ0V5,"Comprado frequentemente por clientes com perfil similar ao seu."
0100DVBI19,"Votorantim",SP,81.94,66.50,C,01000AYCA1,"Comprado frequentemente por clientes com perfil similar ao seu."
0100DXEY80,"Votorantim",SP,81.42,66.50,C,01003UFF0T,"Temos uma oferta especial para você repor seu produto favorito!"
0100CST01K,"Votorantim",SP,81.33,69.50,C,01000GE1AU,"Temos uma oferta especial para você repor seu produto favorito!"
0100DW2RLG,"Votorantim",SP,81.03,66.50,C,01000FXF0I,"Comprado frequentemente por clientes com perfil similar ao seu."
0100E11EBV,"Votorantim",SP,80.77,66.50,C,01000O2I1H,"Comprado frequentemente por clientes com perfil similar ao seu."
0100DVVH6P,"Votorantim",SP,80.65,66.50,C,01000N2W4T,"Comprado frequentemente por clientes com perfil similar ao seu."
0100DXUJ8L,"Votorantim",SP,80.57,66.50,C,01000NOX3W,"Comprado frequentemente por clientes com perfil similar ao seu."
0100D64P2D,"Votorantim",SP,79.95,66.50,A,01000KRYJG,"Comprado frequentemente por clientes com perfil similar ao seu."
0100E2ZX0C,"Votorantim",SP,79.85,66.50,C,01000O0LA8,"Temos uma oferta especial para você repor seu produto favorito!"
0100DX654C,"Votorantim",SP,79.02,66.50,C,0100BVGBFW,"Comprado frequentemente por clientes com perfil similar ao seu."
010007ZV74,"Votorantim",SP,79.01,68.00,A,01000KRYJG,"Comprado frequentemente por clientes com perfil similar ao seu."
0100DZH07P,"Votorantim",SP,79.00,66.50,C,01000FLBGS,"Comprado frequentemente por clientes com perfil similar ao seu."
010002VI0K,"Votorantim",SP,78.27,68.00,C,01000NZP31,"Comprado frequentemente por clientes com perfil similar ao seu."
0100DZZQNQ,"Votorantim",SP,78.13,66.50,C,01000KICDY,"Comprado frequentemente por clientes com perfil similar ao seu."
0100DUID1S,"Votorantim",SP,77.98,68.00,B,01000N2W4T,"Comprado frequentemente por clientes com perfil similar ao seu."
0100E4GL64,"Votorantim",SP,77.30,66.50,C,01000N2W4T,"Comprado frequentemente por clientes com perfil similar ao seu."
0100E78DCA,"Votorantim",SP,76.99,66.50,C,01000O2I1H,"Comprado frequentemente por clientes com perfil similar ao seu."
0100E4C6BC,"Votorantim",SP,76.14,66.50,C,01000K5T2K,"Comprado frequentemente por clientes com perfil similar ao seu."
0100E4JLGU,"Votorantim",SP,76.13,66.50,B,010009M8J5,"Temos uma oferta especial para você repor seu produto favorito!"
0100E49D1D,"Votorantim",SP,75.64,66.50,C,01000FXF0I,"Comprado frequentemente por clientes com perfil similar ao seu."
0100E2KHBV,"Votorantim",SP,75.58,66.50,B,01000AYCA1,"Comprado frequentemente por clientes com perfil similar ao seu."
010001Z80W,"Votorantim",SP,74.79,68.00,A,01000OLSG2,"Temos uma oferta especial para você repor seu produto favorito!"
0100E9BS15,"Votorantim",SP,74.73,66.50,C,01000O2I1H,"Comprado frequentemente por clientes com perfil similar ao seu."
0100ECMG2E,"Votorantim",SP,73.65,66.50,C,01000DHJ7O,"Comprado frequentemente por clientes com perfil similar ao seu."
0100DEG0A1,"Votorantim",SP,73.37,68.00,A,0100BVGELN,"Comprado frequentemente por clientes com perfil similar ao seu."
010008MIAM,"Votorantim",SP,72.00,71.00,C,01005BW49V,"Temos uma oferta especial para você repor seu produto favorito!"
0100E2ZA7F,"Votorantim",SP,71.87,68.00,C,01000LD568,"Comprado frequentemente por clientes com perfil similar ao seu."
0100EE5DUA,"Votorantim",SP,71.68,66.50,C,01000N2W4T,"Comprado frequentemente por clientes com perfil similar ao seu."
0100EEBZ7H,"Votorantim",SP,71.12,66.50,C,0100BVGBFW,"Comprado frequentemente por clientes com perfil similar ao seu."
0100AN9KCL,"Votorantim",SP,70.92,75.50,A,01000E0HFX,"Comprado frequentemente por clientes com perfil similar ao seu."
0100EEKA4F,"Votorantim",SP,69.44,66.50,C,01000AYCA1,"Comprado frequentemente por clientes com perfil similar ao seu."
0100C79G2I,"Votorantim",SP,68.10,68.00,C,010091Q7D8,"Comprado frequentemente por clientes com perfil similar ao seu."
0100EM8Z0O,"Votorantim",SP,67.37,66.50,C,01000EOO77,"Temos uma oferta especial para você repor seu produto favorito!"
0100BA4EHI,"Votorantim",SP,67.12,68.00,A,01003UFKEG,"Comprado frequentemente por clientes com perfil similar ao seu."
0100DT5SSM,"Votorantim",SP,67.02,66.50,B,01003UFKEG,"Temos uma oferta especial para você repor seu produto favorito!"
0100BGMR2T,"Votorantim",SP,66.80,68.00,B,01005BTR9P,"Produto já comprado por você anteriormente."
0100DI6O7P,"Votorantim",SP,66.50,68.00,B,01000MN14Z,"Comprado frequentemente por clientes com perfil similar ao seu."
0100EG0LCJ,"Votorantim",SP,66.27,66.50,B,01000MNHKM,"Comprado frequentemente por clientes com perfil similar ao seu."
010001774D,"Votorantim",SP,65.63,66.50,C,0100657Q5D,"Temos uma oferta especial para você repor seu produto favorito!"
0100EJXL08,"Votorantim",SP,64.93,66.50,C,01000O2I1H,"Comprado frequentemente por clientes com perfil similar ao seu."
0100EK9S15,"Votorantim",SP,61.77,66.50,B,01000N2W4T,"Comprado frequentemente por clientes com perfil similar ao seu."
0100EN8C5M,"Votorantim",SP,60.12,66.50,B,010091Q7D8,"Comprado frequentemente por clientes com perfil similar ao seu."
0100ELZH4J,"Votorantim",SP,59.61,66.50,B,01000KJ0V5,"Comprado frequentemente por clientes com perfil similar ao seu."
0100CKSGGQ,"Votorantim",SP,59.09,69.50,B,01000CD901,"Comprado frequentemente por clientes com perfil similar ao seu."
0100EQLR2N,"Votorantim",SP,58.95,66.50,C,01000NP78Q,"Comprado frequentemente por clientes com perfil similar ao seu."
0100EMJB02,"Votorantim",SP,58.90,66.50,B,01000MN14Z,"Comprado frequentemente por clientes com perfil similar ao seu."
0100ESST7K,"Votorantim",SP,58.75,66.50,C,01000FLBGS,"Comprado frequentemente por clientes com perfil similar ao seu."
0100EMLQ8I,"Votorantim",SP,58.59,66.50,B,01000KJ0V5,"Comprado frequentemente por clientes com perfil similar ao seu."
0100ETAHIK,"Votorantim",SP,57.33,66.50,C,01000KJ0V5,"Comprado frequentemente por clientes com perfil similar ao seu."
0100CWIWQM,"Votorantim",SP,56.79,69.50,A,01000FLS7T,"Produto já comprado por você anteriormente."
0100EU2C16,"Votorantim",SP,56.31,66.50,C,01000BYRQ1,"Produto já comprado por você anteriormente."
0100EOJIB5,"Votorantim",SP,55.73,68.00,B,01000NYN3V,"Comprado frequentemente por clientes com perfil similar ao seu."
0100DX6F1R,"Votorantim",SP,55.08,69.50,A,01000KJ0V5,"Comprado frequentemente por clientes com perfil similar ao seu."
0100EURJCF,"Votorantim",SP,53.12,66.50,B,01000N2M1N,"Comprado frequentemente por clientes com perfil similar ao seu."
0100F0OXOC,"Votorantim",SP,51.58,66.50,C,01000N9B1M,"Comprado frequentemente por clientes com perfil similar ao seu."
0100F1GSES,"Votorantim",SP,50.63,66.50,C,01000O2I1H,"Comprado frequentemente por clientes com perfil similar ao seu."
010001G4LH,"Votorantim",SP,50.49,66.50,B,01000AYE5G,"Comprado frequentemente por clientes com perfil similar ao seu."
0100EW9UPB,"Votorantim",SP,49.98,66.50,B,01000CD901,"Comprado frequentemente por clientes com perfil similar ao seu."
0100EVJ3R4,"Votorantim",SP,49.66,66.50,B,01008MAD0O,"Comprado frequentemente por clientes com perfil similar ao seu."
0100E5C475,"Votorantim",SP,49.56,68.00,B,01000NYFFY,"Comprado frequentemente por clientes com perfil similar ao seu."
0100EV6IBK,"Votorantim",SP,48.67,66.50,B,01000NUL0T,"Comprado frequentemente por clientes com perfil similar ao seu."
010008CD0V,"Votorantim",SP,47.17,66.50,B,01000KJ0V5,"Comprado frequentemente por clientes com perfil similar ao seu."
0100E4AZI8,"Votorantim",SP,46.54,69.50,A,01003UFKEG,"Produto já comprado por você anteriormente."
0100EH177S,"Votorantim",SP,46.26,68.00,C,01003UFKEG,"Produto já comprado por você anteriormente."
0100EX501R,"Votorantim",SP,45.09,66.50,A,01000L5K4V,"Comprado frequentemente por clientes com perfil similar ao seu."
0100F4SJ0R,"Votorantim",SP,44.80,66.50,B,01000N2UD9,"Comprado frequentemente por clientes com perfil similar ao seu."
0100F25E0F,"Votorantim",SP,44.71,66.50,B,01000N2UD9,"Comprado frequentemente por clientes com perfil similar ao seu."
0100D53X3Z,"Votorantim",SP,44.65,68.00,A,01000O2I1H,"Comprado frequentemente por clientes com perfil similar ao seu."
0100ES0Q92,"Votorantim",SP,44.40,68.00,B,01000MML4N,"Comprado frequentemente por clientes com perfil similar ao seu."
0100F67U0T,"Votorantim",SP,42.63,66.50,B,0100B5RE0X,"Produto já comprado por você anteriormente."
0100F5WE0Z,"Votorantim",SP,42.52,66.50,C,01000AYCA1,"Clientes que compram o que você leva também gostam deste item."
0100DOEX0B,"Votorantim",SP,41.95,68.00,C,01000KRYJG,"Comprado frequentemente por clientes com perfil similar ao seu."
0100FBJV2G,"Votorantim",SP,39.73,66.50,C,01000KEF01,"Produto já comprado por você anteriormente."
010003NAIO,"Votorantim",SP,38.18,66.50,B,01000MP37G,"Produto já comprado por você anteriormente."
0100FCJG4D,"Votorantim",SP,37.17,66.50,C,01000N2M1N,"Comprado frequentemente por clientes com perfil similar ao seu."
0100F8BE6M,"Votorantim",SP,36.93,66.50,C,01000KZTDQ,"Comprado frequentemente por clientes com perfil similar ao seu."
0100FCNZ0W,"Votorantim",SP,35.37,66.50,B,01000J5U0J,"Produto já comprado por você anteriormente."
0100FDH43X,"Votorantim",SP,34.83,66.50,B,01000CD901,"Comprado frequentemente por clientes com perfil similar ao seu."
0100FG8MIO,"Votorantim",SP,34.54,66.50,C,01000KXEK0,"Produto já comprado por você anteriormente."
0100FD4GC8,"Votorantim",SP,33.74,66.50,C,01000LQY0G,"Comprado frequentemente por clientes com perfil similar ao seu."
0100EQA52I,"Votorantim",SP,32.74,66.50,A,01000KRYJG,"Comprado frequentemente por clientes com perfil similar ao seu."
0100CPFL26,"Votorantim",SP,32.70,68.00,C,01000N2W4T,"Comprado frequentemente por clientes com perfil similar ao seu."
0100DZKMD3,"Votorantim",SP,30.67,68.00,B,01000N2M1N,"Comprado frequentemente por clientes com perfil similar ao seu."
0100DL2MDS,"Votorantim",SP,30.49,68.00,A,01000KRYJG,"Comprado frequentemente por clientes com perfil similar ao seu."
0100FIPA22,"Votorantim",SP,30.26,66.50,B,01005UNO9P,"Produto já comprado por você anteriormente."
010007XZ1D,"Votorantim",SP,28.73,71.00,B,01000DGVFZ,"Comprado frequentemente por clientes com perfil similar ao seu."
0100FI2IAP,"Votorantim",SP,28.69,66.50,B,01000AYCA1,"Comprado frequentemente por clientes com perfil similar ao seu."
0100FG6TEI,"Votorantim",SP,28.60,66.50,A,01000N2O0Y,"Comprado frequentemente por clientes com perfil similar ao seu."
0100FNBLC7,"Votorantim",SP,27.87,90.00,C,01000KZTDQ,"Comprado frequentemente por clientes com perfil similar ao seu."
0100FKDKGN,"Votorantim",SP,27.45,66.50,C,01000N2W4T,"Comprado frequentemente por clientes com perfil similar ao seu."
0100FNP7A9,"Votorantim",SP,27.05,90.00,C,01000IWYO4,"Produto já comprado por você anteriormente."
0100FNXME5,"Votorantim",SP,25.44,90.00,C,01000N2W4T,"Comprado frequentemente por clientes com perfil similar ao seu."
0100B5UZK4,"Votorantim",SP,25.40,69.50,A,01000EPOAI,"Comprado frequentemente por clientes com perfil similar ao seu."
0100FPQQCZ,"Votorantim",SP,25.24,90.00,C,01000N2O0Y,"Comprado frequentemente por clientes com perfil similar ao seu."
010001I51W,"Votorantim",SP,25.10,66.50,C,01000O2I1H,"Comprado frequentemente por clientes com perfil similar ao seu."
0100FNH40W,"Votorantim",SP,24.77,90.00,C,01000NOX3W,"Comprado frequentemente por clientes com perfil similar ao seu."
0100CVYU4X,"Votorantim",SP,22.82,69.50,B,0100BVGBFW,"Comprado frequentemente por clientes com perfil similar ao seu."
0100FQXDUT,"Votorantim",SP,22.50,90.00,B,01000O2I1H,"Comprado frequentemente por clientes com perfil similar ao seu."
0100FKSQG4,"Votorantim",SP,22.27,68.00,A,01000LD568,"Comprado frequentemente por clientes com perfil similar ao seu."
0100FQBC5K,"Votorantim",SP,21.92,90.00,B,01000N2O0Y,"Comprado frequentemente por clientes com perfil similar ao seu."
0100CE9X95,"Votorantim",SP,21.83,90.00,C,01005NG93A,"Comprado frequentemente por clientes com perfil similar ao seu."
0100CJ7F04,"Votorantim",SP,21.45,90.00,C,01000NP78Q,"Comprado frequentemente por clientes com perfil similar ao seu."
0100C68PAC,"Votorantim",SP,20.77,71.00,B,01003UFF0T,"Produto já comprado por você anteriormente."
0100D3MC1L,"Votorantim",SP,19.89,68.00,A,01000L5K4V,"Comprado frequentemente por clientes com perfil similar ao seu."
0100CQP3NV,"Votorantim",SP,19.39,72.50,A,01000N2W4T,"Comprado frequentemente por clientes com perfil similar ao seu."
0100CE6TEZ,"Votorantim",SP,19.26,90.00,B,01000N9B1M,"Comprado frequentemente por clientes com perfil similar ao seu."
010001TN1G,"Votorantim",SP,17.47,72.50,A,01000KICDY,"Comprado frequentemente por clientes com perfil similar ao seu."
0100DWDH45,"Votorantim",SP,16.22,90.00,A,01000N2W4T,"Comprado frequentemente por clientes com perfil similar ao seu."
010002E903,"Votorantim",SP,12.33,68.00,B,01000N2W4T,"Comprado frequentemente por clientes com perfil similar ao seu."
0100B0WLSP,"Votorantim",SP,12.28,74.00,A,01000L9I47,"Comprado frequentemente por clientes com perfil similar ao seu."
0100062UES,"Votorantim",SP,12.03,66.50,C,01003UFKEG,"Comprado frequentemente por clientes com perfil similar ao seu."
0100DELA68,"Votorantim",SP,6.35,90.00,A,01000KJ0V5,"Comprado frequentemente por clientes com perfil similar ao seu."
0100FRPP0Y,"Votorantim",SP,5.50,90.00,C,01000LD568,"Comprado frequentemente por clientes com perfil similar ao seu."
0100BFVNEL,"Votorantim",SP,4.48,90.00,A,01003UFKEG,"Você compra este produto com frequência."
0100021AD8,"Votorantim",SP,0.91,80.00,A,01000MMP5R,"Comprado frequentemente por clientes com perfil similar ao seu."
